{
    "Camera": {
        "Clip Far": 100.0,
        "Clip Near": 0.009999999776482582,
        "Direction": [
            -4.371138828673793e-08,
            0.0,
            1.0
        ],
        "FoV": 45.0,
        "Move Speed": 1.0,
        "Position": [
            0.0,
            0.15000000596046448,
            0.0
        ]
    },
    "Lights": {
        "Directional": [],
        "Point": [
            {
                "Attenuation": [
                    1.0,
                    0.09000000357627869,
                    0.03200000151991844
                ],
                "Color": [
                    2.0,
                    2.0,
                    1.85
                ],
                "Position": [
                    -1.0,
                    1.0,
                    -0.75
                ]
            }
        ],
        "Spot": []
    },
    "Models": {
        "0": "models/Playground/playground.obj",
        "1": "models/Crate/crate.obj",
        "2": "models/Window/window.obj",
        "3": "models/Gun/gun.obj"
    },
    "Objects": {
        "Instanced": [],
        "Mirror": [],
        "Normal": [
            {
                "Model ID": 0,
                "Object ID": 0,
                "Position": [
                    0.0,
                    0.0,
                    0.0
                ],
                "Rotation": [
                    0.0,
                    0.0,
                    -0.0
                ],
                "Scale": 0.15000000596046448
            },
            {
                "Model ID": 1,
                "Object ID": 0,
                "Position": [
                    -0.30000001192092896,
                    0.05400000140070915,
                    0.550000011920929
                ],
                "Rotation": [
                    0.0,
                    30.000001907348633,
                    -0.0
                ],
                "Scale": 0.054999999701976776
            },
            {
                "Model ID": 1,
                "Object ID": 1,
                "Position": [
                    0.0,
                    0.05999999865889549,
                    0.699999988079071
                ],
                "Rotation": [
                    0.0,
                    45.000003814697266,
                    -0.0
                ],
                "Scale": 0.06499999761581421
            },
            {
                "Model ID": 1,
                "Object ID": 2,
                "Position": [
                    -0.15000000596046448,
                    0.05400000140070915,
                    0.3499999940395355
                ],
                "Rotation": [
                    0.0,
                    0.0,
                    -0.0
                ],
                "Scale": 0.054999999701976776
            },
            {
                "Model ID": 1,
                "Object ID": 3,
                "Position": [
                    -0.3700000047683716,
                    0.05400000140070915,
                    0.8999999761581421
                ],
                "Rotation": [
                    0.0,
                    60.000003814697266,
                    -0.0
                ],
                "Scale": 0.054999999701976776
            },
            {
                "Model ID": 3,
                "Object ID": 0,
                "Position": [
                    -0.4000000059604645,
                    0.05000000074505806,
                    -0.4000000059604645
                ],
                "Rotation": [
                    0.0,
                    60.000003814697266,
                    -0.0
                ],
                "Scale": 0.009999999776482582
            }
        ],
        "Transparent": [
            {
                "Model ID": 2,
                "Object ID": 0,
                "Position": [
                    0.800000011920929,
                    0.0,
                    -0.44999998807907104
                ],
                "Rotation": [
                    0.0,
                    99.99999237060547,
                    -0.0
                ],
                "Scale": 0.10000000149011612
            },
            {
                "Model ID": 2,
                "Object ID": 1,
                "Position": [
                    0.6000000238418579,
                    0.0,
                    -0.10000000149011612
                ],
                "Rotation": [
                    0.0,
                    -25.000001907348633,
                    -0.0
                ],
                "Scale": 0.10000000149011612
            },
            {
                "Model ID": 2,
                "Object ID": 2,
                "Position": [
                    0.3499999940395355,
                    0.0,
                    -0.10000000149011612
                ],
                "Rotation": [
                    0.0,
                    -65.0,
                    -0.0
                ],
                "Scale": 0.10000000149011612
            },
            {
                "Model ID": 2,
                "Object ID": 3,
                "Position": [
                    0.0,
                    0.0,
                    -0.20000000298023224
                ],
                "Rotation": [
                    0.0,
                    80.0,
                    -0.0
                ],
                "Scale": 0.10000000149011612
            }
        ]
    },
    "Skybox": {}
}