{
    "Camera": {
        "Clip Far": 100.0,
        "Clip Near": 0.009999999776482582,
        "Direction": [
            -4.371138828673793e-08,
            0.0,
            1.0
        ],
        "FoV": 45.0,
        "Move Speed": 1.0,
        "Position": [
            0.0,
            0.15000000596046448,
            0.0
        ]
    },
    "Lights": {
        "Directional": [],
        "Point": [
            {
                "Attenuation": [
                    1.0,
                    0.09000000357627869,
                    0.03200000151991844
                ],
                "Color": [
                    2.0,
                    2.0,
                    1.850000023841858
                ],
                "Position": [
                    -1.0,
                    1.0,
                    -0.75
                ]
            }
        ],
        "Spot": []
    },
    "Models": {
        "0": "models/Playground/playground.obj",
        "1": "models/Crate/crate.obj",
        "3": "models/Shack/shack.obj"
    },
    "Objects": {
        "Instanced": [],
        "Mirror": [],
        "Normal": [
            {
                "Model ID": 0,
                "Object ID": 0,
                "Position": [
                    0.0,
                    0.0,
                    0.0
                ],
                "Rotation": [
                    0.0,
                    0.0,
                    -0.0
                ],
                "Scale": 0.15000000596046448
            },
            {
                "Model ID": 1,
                "Object ID": 0,
                "Position": [
                    -0.30000001192092896,
                    0.05400000140070915,
                    0.550000011920929
                ],
                "Rotation": [
                    0.0,
                    30.000001907348633,
                    -0.0
                ],
                "Scale": 0.054999999701976776
            },
            {
                "Model ID": 1,
                "Object ID": 1,
                "Position": [
                    0.0,
                    0.05999999865889549,
                    0.699999988079071
                ],
                "Rotation": [
                    0.0,
                    45.000003814697266,
                    -0.0
                ],
                "Scale": 0.06499999761581421
            },
            {
                "Model ID": 1,
                "Object ID": 2,
                "Position": [
                    -0.15000000596046448,
                    0.05400000140070915,
                    0.3499999940395355
                ],
                "Rotation": [
                    0.0,
                    0.0,
                    -0.0
                ],
                "Scale": 0.054999999701976776
            },
            {
                "Model ID": 1,
                "Object ID": 3,
                "Position": [
                    -0.3700000047683716,
                    0.05400000140070915,
                    0.8999999761581421
                ],
                "Rotation": [
                    0.0,
                    60.000003814697266,
                    -0.0
                ],
                "Scale": 0.054999999701976776
            },
            {
                "Model ID": 3,
                "Object ID": 0,
                "Position": [
                    -0.699999988079071,
                    0.0,
                    -0.6000000238418579
                ],
                "Rotation": [
                    0.0,
                    60.000003814697266,
                    -0.0
                ],
                "Scale": 0.15000000596046448
            }
        ],
        "Transparent": []
    },
    "Skybox": null
}